ID,Recommenders ID,PageRank,Inverse_Betweenness,InDegree,Reciprocity,CreditScore
0,"[218, 391]",8.797185784918947,98.62746222776791,1,0,52.5009503531135
1,"[412, 869, 233, 289]",13.110925909639818,98.43973977149827,2,0,34.974785161002664
2,"[582, 624, 592, 662, 469]",9.045685068168286,94.671970012259,2,0,31.72912704598503
3,"[194, 122]",11.665597466184517,97.17768478336502,5,1,12.87744597464127
4,"[763, 726, 589, 977, 950, 543, 30]",4.452020967997723,98.1803861733244,1,0,49.19423263261043
5,"[938, 338, 417, 932, 16]",71.678634423813,91.86726551153262,3,0,43.685168350487665
6,"[232, 390]",12.760879385354206,96.51200605156092,3,0,24.10324842652511
7,"[149, 366, 376]",7.05912179099819,98.63162678324534,2,1,31.132460928954774
8,"[171, 687, 159]",20.653841301698918,97.7721366299121,2,0,38.29163174470624
9,"[102, 851, 123, 794, 684]",17.06785149400787,78.79527386373873,3,0,20.93089378843819
10,"[962, 955, 481]",16.855430281069754,98.39221435171235,2,0,36.72163953400867
11,"[586, 970]",7.049320109632095,99.36634972375285,2,1,31.38738246766649
12,"[10, 202]",9.465107633167213,99.43700537994636,2,0,33.60990354263285
13,"[786, 987]",4.7184314264168234,96.81609920644374,2,0,30.448418024834897
14,[837],5.281611755068009,99.92641878868368,1,0,50.705501263996794
15,"[748, 511, 993, 963, 445, 751]",17.707023423419134,84.68531836657857,2,0,32.28082677005128
16,"[277, 565]",31.97561008719859,96.23079685348847,6,0,15.049076360033965
17,"[475, 614, 404, 506]",6.154392408745144,99.37494230506391,1,0,51.02990369694624
18,"[328, 750, 306]",8.562947829225585,86.46551771403648,2,0,28.602862233781785
19,"[278, 671]",26.543942198318422,98.87342161578849,3,0,29.597683670271607
20,"[772, 943]",29.96062995944564,92.74538228817238,5,0,17.462771267975768
21,[459],18.633871414618568,95.19929413407525,4,0,19.469290588734278
22,"[570, 390, 211]",11.692435551932125,98.41728434074457,2,0,34.29875110937487
23,"[575, 332, 456]",11.215889731868522,97.4226463250716,3,0,23.79874687147498
24,"[292, 839, 377]",31.966207608667254,98.48437616413338,5,0,18.94871857893507
25,[165],23.594150214599445,99.59262548852048,5,0,17.172862743590976
26,[60],19.938513695463225,82.27057691407622,2,0,32.478849135371576
27,"[138, 332, 684]",25.854962232398712,97.72895904142462,2,0,40.7260809761407
28,"[213, 296, 329, 72]",48.54296725006464,79.55653178596549,6,0,15.868942273995184
29,"[951, 388, 312]",10.098141229819632,97.14726323490589,2,0,33.0992164592174
30,"[430, 152, 332, 215, 643]",36.16477480952911,37.01796393932731,5,0,9.081082470388676
31,"[641, 86, 40, 401, 251, 364]",34.36930966466903,81.45072523409529,5,0,16.506106849390612
32,"[666, 366, 193, 849, 305]",0.4159564867116697,99.81706984969345,1,0,47.21001222984368
33,"[580, 797]",17.47153430167718,92.59419258621163,3,0,24.72930482174191
34,[756],11.540141561988714,99.03613023522522,3,0,24.34075538096397
35,"[788, 686, 708, 678, 268, 919, 295]",28.77014825673747,93.28366089596031,6,1,12.896128869554353
36,"[197, 62]",33.13028891959417,91.53054862862012,5,0,17.994650224223406
37,"[405, 413, 466]",28.964662169672046,97.9013189636554,3,0,30.19525011188117
38,"[834, 668, 469]",61.05789040666311,92.43874523986835,7,1,15.995750507191005
39,"[336, 925]",8.070587894683293,96.67908095807519,2,0,31.978865526658314
40,"[508, 770, 967, 656]",16.037609596949654,87.23781491935449,3,0,22.803686370190356
41,"[961, 414, 246, 329, 273, 917]",28.691908300453044,85.26113501901087,4,1,19.14555247818712
42,"[933, 458, 272, 832, 93]",4.8859066316799336,97.77814539033075,1,0,49.287634512224436
43,"[675, 367, 602, 536, 229, 131]",0.0,100.0,0,0,99.99999999999999
44,"[213, 163, 433, 28, 762]",7.741332659249526,97.34789986002812,3,0,22.551569888777625
45,[623],20.56668156299931,98.87258403575842,3,0,27.486017208622684
46,"[497, 315]",29.179064765708155,96.6826828290215,2,0,41.92212330375088
47,"[387, 33, 428, 497, 407]",46.34020508176039,63.91407009846027,7,0,10.677418609097193
48,[136],2.374810175841383,99.97980766310918,1,0,48.68015721167537
49,"[731, 932, 927]",19.14246614224614,94.20816887419758,1,0,57.468164312399836
50,"[774, 664, 877, 25]",15.231918877083427,96.07527259046257,3,0,24.86042789310057
51,"[636, 961]",24.46938970583703,89.2807401528797,3,0,26.323422254338514
52,[387],26.002617325019173,98.69922637200354,5,0,17.5822557158116
53,[956],17.880610899021796,97.42937708908589,4,0,19.72908244873908
54,"[828, 377, 379]",4.389532302681398,78.9440530828343,2,0,23.980275972102216
55,"[413, 187]",8.15407015133028,99.0872543642379,1,0,52.29022378796466
56,"[872, 792, 69, 901, 741]",11.462235784939125,96.45955464783341,3,0,23.63061132601471
57,"[795, 406, 461, 837]",43.124159184964725,96.33323549703533,3,0,34.781598877447344
58,"[20, 661, 852]",49.62895042393269,94.18258278089816,3,0,36.50960920037524
59,"[625, 422, 204, 240]",34.54499128599859,87.1287063941837,5,0,17.55034203657491
60,"[743, 518, 922, 724]",20.433826341172523,82.27610301839447,1,0,52.058065219419724
61,"[380, 492, 569]",12.12330375064149,95.29274271507411,3,0,23.555002163543755
62,"[518, 937, 507, 364]",25.55563345268972,94.20252990773457,4,0,21.21409755359357
63,"[921, 521, 486, 201]",1.827975016209704,99.10818836490117,1,0,47.831978039278646
64,"[700, 463]",79.85120923550244,83.04079575612775,6,0,22.716153412395176
65,"[799, 415, 914]",21.74908200083514,97.57301152885549,3,0,27.559393881227127
66,[430],30.603690250038085,98.3329409259269,3,0,30.88858215065816
67,"[590, 520, 495, 854, 979, 524]",7.535352189946384,98.92194857290991,1,0,51.765513798533235
68,"[739, 981, 945, 832, 459]",24.518538289659816,63.47065583025567,3,0,19.502798303877437
69,"[34, 792, 854, 594]",3.6353660189112578,97.06139448736502,2,0,30.0249493409523
70,"[641, 587, 608, 512, 519]",15.39968421613184,96.93207434411005,4,0,18.92257794561749
71,[219],8.191545019989071,99.4555239684711,2,0,33.01660363909988
72,"[151, 41, 321, 241]",52.22551541800573,89.28505769760166,9,0,10.867410183100738
73,"[239, 738]",17.572463170069327,94.83150356127317,4,0,19.091387480781396
74,"[552, 918, 886, 236, 928]",15.569926524522545,90.99552852704184,5,0,13.76473255400103
75,"[505, 893]",9.360417684659144,98.91420700888003,3,0,23.538474535246436
76,"[119, 545, 114, 314]",16.08848324946843,87.36155901286064,5,0,13.245008400001543
77,"[780, 649, 87, 260]",40.78330964172794,72.98792484465727,5,0,16.521861555364985
78,"[795, 344, 916, 356, 936]",25.356188736961723,97.0210155829337,2,0,40.24108286144315
79,"[971, 789, 293]",30.312756721692452,78.4119523839156,3,0,25.50805098299558
80,"[420, 680]",11.51340483231106,96.59911806831215,1,0,53.345181147647594
81,"[402, 919, 201]",8.523400656976493,15.564453615985249,3,0,1.160564218506142
82,"[347, 875, 18, 117, 206, 798]",21.78905962601583,87.55911098820322,4,0,18.741617803948486
83,"[247, 693, 36]",45.4228572757412,98.42586417252903,3,1,35.08827648168911
84,"[185, 370]",26.67724217012043,97.44473701867926,4,0,22.21823914948077
86,"[815, 774]",22.854225656581683,92.96996355109476,5,0,15.82889733366405
87,"[925, 161, 649]",55.29623082957514,89.49904496755912,4,0,28.62180688281858
88,"[177, 488, 473]",19.019589429809653,97.71236765455055,2,0,37.50079424786757
89,"[493, 125]",14.220682048228019,80.6538738790933,5,0,11.62041384377352
90,"[532, 238, 305]",15.281192858541237,97.63045379316132,5,0,14.868617550715896
92,"[505, 629, 403, 497]",0.8319129734233399,99.55761897489405,1,0,47.36640726945504
93,"[985, 90, 394]",6.817163312987085,95.06688610813328,3,0,21.620791020278084
94,"[938, 280, 729]",8.287178851145965,99.44373981896844,2,0,33.05748398206565
95,"[924, 243, 919, 352]",14.93536444750206,95.23701222296496,3,0,24.533586958139956
96,"[541, 895, 265, 74]",3.019503452160278,96.68968410147228,1,0,47.39229267257911
97,[200],12.917686340405226,97.7364191849256,2,0,34.63532498612692
98,"[511, 389]",1.5694425069218396,99.98894039545978,1,0,48.11601024174178
99,"[819, 101, 324, 838, 882]",24.710597645029285,78.56216968800962,4,0,17.660354395755828
100,[424],6.602920522134975,99.85266112515757,2,0,32.4086567549847
101,"[318, 482, 24, 882]",9.188913044181623,98.44095394446317,2,0,33.12796591700879
102,"[177, 818]",9.469785889036274,95.9550071027477,3,0,22.793113863431184
103,"[857, 428]",1.1252896169506112,99.93941113425637,1,0,47.77597557333063
104,[5],71.24882646387823,93.8866985220543,4,0,34.059914956184066
105,"[146, 641, 587, 621]",12.365184260568594,96.2990425791619,3,0,23.907049228787823
106,"[511, 839, 510, 45]",23.392406382602704,95.51242787558574,3,0,27.59397196469053
107,"[511, 24, 143, 15]",24.816704330121716,89.1126078935284,3,0,26.401565762504397
108,"[172, 563, 982]",28.18099724391691,87.90078245867308,4,0,20.62037638958462
109,"[617, 371, 587]",11.609068120486121,84.84753234749806,3,0,20.606052295631187
110,"[503, 21]",19.278758098901367,81.34783550560955,2,0,31.842152710549804
111,"[70, 605, 608, 555]",31.810037628876422,97.30522203493905,1,0,68.0587404429741
112,"[343, 242, 459]",6.2645523182424325,85.33398485891107,2,0,27.120619945868864
113,"[340, 758, 829]",27.862508704433395,92.84095988920775,3,0,28.465254167660436
114,"[545, 731, 854]",69.87082563039739,66.43354397054343,9,0,10.939002577108054
115,"[385, 870, 274, 308, 799, 339, 38, 216, 125]",7.608540951900563,83.96608389655644,5,1,9.588545613820589
116,"[172, 319, 557, 149]",5.532166319065637,95.63284277736626,1,0,48.60748209148089
117,"[716, 552, 248, 114, 594]",18.229264215227587,90.58694415521636,4,0,18.37737278723366
118,"[395, 44, 144, 814, 599]",23.67671220438146,92.31231459316264,5,1,14.846696256776918
119,"[730, 199, 425, 704, 183, 949]",7.172132087936437,96.72590805823943,2,0,31.57223889832031
120,"[787, 444]",5.808601911115938,99.09593630228669,3,0,22.33195552440188
121,"[465, 704, 220]",23.101959381072742,94.67444723632165,4,0,20.620718535479078
122,"[707, 54, 857, 650]",10.398678069158692,88.94998695770744,3,0,21.265368970742124
123,[706],51.717325769982864,96.21096635876093,8,0,13.474394195917307
124,"[163, 316, 329]",11.613966961331911,98.79556697630431,2,0,34.39541970210917
125,"[573, 208, 582]",45.16953767587043,69.75865827717418,8,1,8.271938271926919
126,"[780, 89]",0.0,100.0,0,0,99.99999999999999
127,"[763, 263, 615, 299, 246, 871, 259, 802]",39.683370941528366,1.2268129025545202,4,0,5.500562343371481
128,"[335, 177, 706, 553, 289]",39.691037704874255,95.84529354986736,5,1,19.24203493784502
129,"[703, 689, 445, 887]",8.033694771652934,98.17258732512106,1,0,51.72052552631828
130,"[83, 987, 251, 967]",6.439409551073185,97.37380995836574,1,0,50.17092756570845
131,"[59, 91]",6.058533701611697,99.04516671554785,2,0,31.867009001381877
133,"[633, 708, 294, 438, 168, 562]",8.308318635180768,92.16871945871034,3,0,21.379711210044377
134,"[779, 320, 110, 829, 293]",41.554725128391425,80.65609531866893,3,0,30.073784722023507
135,"[138, 860]",2.8524888970639455,99.63937733346114,1,0,48.837250013808756
136,"[906, 981]",30.801685826811955,97.28202244514905,3,0,30.680098620641658
137,"[342, 228, 589, 205, 497, 776, 887, 648]",7.5793693242537366,90.57431365726038,2,0,29.591018272387572
138,"[335, 784, 442, 443, 902, 123, 544]",25.018912149887896,87.9988305361769,5,1,14.400920027924915
139,"[740, 907]",10.815510139125225,95.06346902747198,3,0,23.03228650763347
140,"[882, 156, 276]",0.0,100.0,0,0,99.99999999999999
142,"[240, 832, 470]",32.74754811499379,98.59367232269057,3,0,31.71496855729267
143,"[879, 24, 174]",23.527082248875782,86.7440267817375,5,0,14.887709125436409
144,"[826, 362, 207, 326, 746]",15.845739437573597,90.86139802605287,4,0,17.761965817188084
145,[439],22.469305893199362,98.30980983262654,3,0,28.009013624830022
146,"[836, 897, 264]",8.540315247132483,99.20874036867768,2,0,33.09369727837437
147,"[28, 515, 917]",27.3812360752926,98.00578658234423,4,0,22.536098855517544
148,"[743, 608]",20.337138580922016,97.70489068731565,4,0,20.481684165609686
149,"[139, 26, 376, 7]",16.354144614185188,88.67187121647257,5,1,12.479263799217104
150,[984],1.5807064761066658,99.369112905055,1,0,47.79554059921189
151,[163],26.851259903211258,99.82602912087604,5,0,17.981128278578886
152,[246],12.713625763651613,94.70177196775796,3,0,23.606962542130457
153,"[500, 887, 753]",23.56642095801868,79.7192516354821,4,0,17.58225442470488
154,"[200, 486, 35]",14.083960366897982,97.34768789181129,4,0,18.638846735931747
155,"[432, 762]",4.89150846876506,99.14003149064223,3,0,22.019678101262063
156,"[132, 286, 838, 333]",39.47215290291154,94.35486570402028,6,1,15.21855267061424
157,"[151, 867, 781]",0.0,100.0,0,0,99.99999999999999
158,[493],12.90256870872664,97.53011843259551,2,0,34.55532970320897
159,"[995, 362]",42.88180807938349,82.96000424150945,5,0,18.777352146315646
160,"[888, 517, 23, 374, 413, 123]",8.721383548122157,99.25451404693216,3,0,23.402897283955348
161,"[840, 427, 717]",17.389010677567832,97.08927066889927,1,0,57.75596873748973
162,"[705, 29, 306]",15.659245938992447,97.85029098089319,3,0,25.48164341572178
163,"[890, 8, 878]",49.818178777371216,96.83638226673925,6,0,18.742367788687837
164,"[809, 851]",12.817005251760117,99.06657421864412,3,1,23.74012970708342
165,"[221, 105, 699, 36, 877]",42.46723239524081,91.95697457152458,3,0,33.390118860424785
166,[296],18.95454249329214,99.85340580755117,3,0,27.17638888826085
167,"[890, 578, 383]",0.0,100.0,0,0,99.99999999999999
168,"[785, 398, 831, 813, 154]",33.80726580938578,84.24626667657165,8,1,8.193978318339928
169,"[355, 837, 916]",0.8826732243081665,99.93721308258463,1,0,47.60340425964837
170,"[604, 931, 178, 556]",5.501353060700691,98.8075982926971,1,0,50.267918203337935
171,[316],7.7654720424158175,99.95301258866799,2,0,32.99166139062926
172,[394],18.424716080618747,89.42273306999063,3,0,24.225783157626527
173,"[867, 147, 822]",24.941452333116207,93.99542630760052,4,0,20.996636705419967
174,"[577, 998, 198, 24, 389, 513, 98, 445, 300, 753]",14.664298837730753,83.00904319485326,2,0,30.25558111828528
175,"[405, 138, 1, 9]",19.27668002463097,96.9937845436273,3,0,26.532570003076557
176,"[830, 719, 971, 293]",11.653531729921676,93.9098578105258,2,0,32.68819634947244
177,"[19, 859]",19.67266416723311,98.53251776382145,3,0,27.0801136313591
178,"[925, 873]",10.435675846076755,96.31852102010457,5,0,13.495792967530411
179,"[356, 354]",6.326739969400834,97.49025937082234,3,0,22.08958637424336
180,"[21, 305]",9.166439400613585,99.81255883270742,1,0,53.38977151449526
181,"[52, 726, 205, 137, 802, 887]",0.0,100.0,0,0,99.99999999999999
182,"[756, 728, 114, 306]",8.948884563346764,98.16459818118562,3,1,22.134766103579935
183,"[875, 988, 114]",13.85755600189057,80.55882663087391,4,0,15.016504767610044
184,"[77, 134, 230]",38.68419019997784,91.81057297856643,4,0,24.41721788903805
185,"[72, 607]",21.482351836657564,99.57752653615829,3,0,27.99623793622275
186,"[431, 632, 458]",45.61540762245652,58.01708192040035,4,0,19.213505599788164
187,"[202, 372, 764]",6.66769899143787,98.71531866551166,2,0,32.03740519231374
189,"[530, 333]",39.9675883950677,82.2576192039158,5,0,17.96700338909677
190,"[557, 532, 666, 343, 602, 691, 93, 526]",0.0,100.0,0,0,99.99999999999999
191,"[511, 963, 445, 143]",19.094540070799255,88.07399286069841,3,0,24.105067924289937
192,[325],78.97740357901661,97.63308295611317,5,0,29.869377840453506
193,"[58, 947, 394]",61.24228663827721,87.97353016286694,8,0,13.9998492756746
194,"[889, 3, 804, 796, 428]",12.122778091486628,95.62088515468854,3,1,22.58201420102442
195,"[425, 742, 468, 117]",7.535352189946384,99.10666704134937,1,0,51.86339044187011
197,"[247, 105, 605, 922, 25, 827]",16.163035519511038,95.3337501297464,1,0,55.95963020748504
198,"[697, 510]",23.60594178139178,95.3078917038869,4,0,20.897399534039746
199,[761],21.809356331045663,94.57694608730804,3,0,26.786924027815232
200,"[992, 960]",19.21620553574621,96.74575513310447,2,0,37.25194724317745
201,"[68, 896]",29.767924142072832,44.47431173672151,6,0,6.767966297152416
202,"[559, 610]",13.48059632187415,98.52907591209846,4,0,18.71873038654804
203,"[993, 510, 783]",8.663477963871781,99.00532105197662,2,0,33.07984919361873
204,"[619, 772, 302, 985]",60.51261325486416,93.7957261342087,5,1,23.78346217769058
205,"[47, 629, 426]",3.1248966630929242,98.64966842524316,3,0,21.265715044123898
206,"[162, 754, 467, 620]",16.976881343351657,97.85228840732196,3,1,24.887883716310387
207,"[124, 84, 746]",17.950698043178843,98.93362928113125,3,0,26.57810399240661
208,"[344, 659, 125]",21.961068725874412,75.40147690300357,3,1,20.70053117665985
209,"[626, 188, 952, 153]",35.68409681388023,96.56870686713526,4,0,24.57787624388364
210,[770],21.336148392749905,99.13528803422327,3,0,27.827427826358704
212,"[959, 10, 123]",35.096972295445454,94.25523859648588,7,0,12.710817362290085
213,"[254, 414, 598]",15.995601915111674,88.41693770674179,3,0,23.101237792407723
214,"[505, 403, 606, 381, 30]",15.708396296647745,73.37221481568085,4,0,14.01636064240826
215,"[735, 388, 183, 898, 880]",16.614921255123903,31.181136432295894,3,0,8.156263358577876
216,"[975, 890, 679]",6.020048998681592,95.03440948103629,3,0,21.330609240568915
217,"[909, 820, 214, 282, 407]",7.985666032069803,97.4864299206752,2,0,32.22406070715854
218,"[910, 321, 768, 538, 432]",19.539241011995593,96.14870262856927,4,0,19.926370239961802
219,"[193, 309]",15.664469241293283,98.23009125588732,3,0,25.584110777999577
220,"[162, 754, 898]",13.550408796820182,97.30031031946804,2,0,34.779280254512315
221,[373],8.146269715083664,99.84253256675143,1,0,52.6849115625095
222,"[105, 734, 40, 330, 25, 967]",6.403799003406341,96.10521528304871,1,0,49.47357962773194
223,"[674, 593]",23.847165036629935,99.11503975285676,3,1,27.649331846670847
224,"[216, 115, 679]",0.0,100.0,0,0,99.99999999999999
225,"[740, 654, 576, 229, 458, 235]",0.0,100.0,0,0,99.99999999999999
226,[882],6.161752048425924,99.61703137762102,2,0,32.117633332834245
227,"[434, 467, 425, 520, 114]",2.4675445518910246,98.47846119833189,2,0,29.975484778871515
228,"[771, 301]",18.072577564824527,97.04699270260704,5,0,15.422928858352837
229,"[514, 824, 235]",33.86913961529894,97.79201113446702,5,0,19.2745665804331
230,"[49, 971, 829]",61.1558350404705,86.00629766852212,7,0,16.220699263933202
232,"[830, 649, 158]",22.39246127075628,95.29869487657743,2,0,38.236779042088585
233,"[499, 706, 712, 372]",12.4681234697158,97.8295606358491,3,0,24.34889936884023
234,"[449, 380, 392, 569]",1.0166185102765986,99.55860205619715,1,0,47.49742122909375
235,"[654, 242, 891, 691]",16.446814734527052,96.15761863409085,3,0,25.311401548100786
236,"[425, 742, 979, 584]",6.340760069180942,94.38339663160956,2,0,30.353183657659898
237,"[598, 72]",17.770510858416895,98.43301441149023,2,0,37.16705030544907
238,"[619, 532, 458, 891]",33.481152439645214,95.18125177513865,3,0,31.07004306856923
239,"[688, 914, 683]",11.645819106788338,94.5471976541915,2,0,32.90970161588573
240,"[489, 602, 891, 309]",44.20101913894061,95.14787483775476,4,0,26.68359044434816
241,"[151, 163, 538, 484]",33.46464353230614,97.86577959822262,4,1,23.165838533880237
242,"[422, 20, 933, 446, 7]",12.54405736635091,92.81189267829585,4,0,17.242323407240246
243,"[234, 810, 253, 644, 453, 464]",3.9934167743147584,98.26338234072664,1,0,48.91420938267569
244,"[716, 750, 880]",18.450110654216715,87.94568602430529,3,0,23.84343276088844
245,"[706, 527, 472]",16.774724319823267,99.29772345254291,2,0,37.00349507767751
246,"[636, 583, 591, 28]",37.304296641969195,83.4447355259801,5,0,17.549477102633666
247,[699],42.2423871275126,99.64158234761709,6,0,17.637839293479765
248,"[34, 728, 584]",10.999821045724797,95.84660799799855,3,0,23.30487427784943
249,"[774, 498, 698, 827]",32.74754801357721,75.98764627198187,3,0,25.725849058421772
250,"[513, 72, 287]",7.242787762504755,99.83922009849839,1,0,52.04485326883818
251,"[148, 658]",7.643975460327239,97.4960963828364,2,0,32.06654082371835
252,[457],15.183247419568385,87.9087109277256,3,0,22.67962977960016
253,"[95, 831, 863, 616]",3.194505483532922,98.85943469428224,2,0,30.45245712327334
254,"[867, 777]",43.978001639118254,95.67645613339052,6,1,16.328157811987356
255,"[267, 322]",15.156493025344757,82.01248091959776,4,1,14.631940542603367
256,[606],31.56438067339169,97.0832683808566,4,0,23.52271715021588
257,"[102, 517, 706, 651, 860]",12.427572311742033,98.28989212844563,3,0,24.45653258680072
258,"[577, 626]",42.48924291674032,94.97311449097471,6,0,16.980903292380248
259,"[505, 820, 435]",12.576134825495005,94.98639048407723,4,0,17.71226824104157
260,"[474, 478, 638]",28.21293895354324,90.28550576921751,4,0,21.134839676389976
261,"[44, 583, 316, 416, 72, 484]",0.0,100.0,0,0,99.99999999999999
262,"[495, 560]",2.273602294341032,99.03180201690049,1,0,48.10633553750936
263,"[230, 540, 638]",26.738654326637352,67.03987723176172,4,0,15.791353476035969
264,"[247, 401]",9.723886801432569,98.47832068782962,2,0,33.39313550019331
265,"[421, 400, 82, 584]",4.6876992027760735,94.00787791510166,2,0,29.441949826238147
266,"[660, 993, 292, 673, 258, 99]",11.26014189174065,93.19162904445841,2,0,32.24920015653223
267,[726],16.48308833169959,98.89246221231748,3,0,26.04876986784791
268,[486],16.85913848936313,98.9586972410935,3,0,26.19915610778872
269,"[75, 283, 407, 858]",0.0,100.0,0,0,99.99999999999999
270,"[945, 240, 142]",4.345698965049504,99.66741901544317,1,0,49.90704998044852
271,"[828, 634, 300]",4.727346019360722,93.88989349062395,1,0,47.115347381902026
272,"[654, 367, 59, 21, 90, 219]",10.341241246387632,93.32293484119509,4,0,16.728128501276863
273,"[218, 254, 147, 598, 173]",23.129206598604473,97.98958317220364,2,0,39.53432839412425
274,"[624, 881, 687]",8.730237814981953,85.87494645197947,3,0,19.861314042927553
275,"[216, 285, 759, 354]",15.655851728605482,91.31602510854046,3,0,23.74929102141038
276,"[882, 471]",8.111474182022627,99.32946591794905,3,0,23.207306470211687
277,[192],15.603855558721941,99.94863015199152,1,0,58.009857015168215
279,"[735, 522, 227, 494]",1.0696451046373623,96.99374178243798,1,1,45.11610485146189
280,"[747, 178]",7.699737212068566,97.76228832844274,2,0,32.18683561677488
281,"[730, 248, 928, 677]",0.0,100.0,0,0,99.99999999999999
282,"[997, 797, 103, 652, 407]",3.475776798992633,97.19205054327176,2,0,29.99593738287371
283,"[342, 52, 217]",18.87670769412031,98.18285242171582,2,0,37.59969462819548
284,"[163, 814, 672, 326, 746]",18.234425432598478,98.33628055074186,2,1,36.29164227063219
285,"[870, 485, 476, 674, 469]",54.97668261513284,90.89615143341989,4,0,28.82761705418644
286,"[976, 292, 324, 156]",9.505862838520647,98.18642946902959,1,1,51.7081970044675
287,"[84, 72, 822, 687, 237]",18.108893973139672,92.8132162056573,4,0,18.815209797950406
288,"[722, 207]",21.975640323214765,97.89980606408957,5,0,16.49271676542333
289,"[807, 550]",29.290355393477046,98.55539902328582,7,0,12.25486544375964
290,"[118, 391, 515, 917]",23.104048775272336,96.41584853568098,2,0,38.96656341958971
291,"[108, 461, 153, 593]",15.606829670110246,83.72448582813777,3,0,21.72071240958034
292,"[828, 377, 667]",48.45004154311427,97.3708880684248,5,0,22.63395190812778
293,"[336, 938, 829, 16]",24.222161508029643,95.24881750270566,4,0,21.059020709542473
294,"[595, 737]",8.264430679127653,98.99112695232125,3,0,23.171700056951437
295,"[168, 846, 35]",15.872788430065151,97.04161528831578,4,1,18.01975413219933
296,[752],53.38797051298318,87.39775208530426,6,0,18.034022194441654
297,"[824, 238]",0.0,100.0,0,0,99.99999999999999
298,"[634, 198, 143, 751]",4.727346019360722,98.0602322614128,1,0,49.32508181674697
299,"[710, 572, 965]",13.343527529453644,62.350924244394676,2,0,22.336102686211053
300,"[132, 550, 714, 887]",3.819660205754272,87.49269011517167,2,0,26.73164258590552
301,"[66, 790, 255, 749]",30.217334488998358,66.62412504023997,8,0,6.6151189437434725
302,"[270, 632, 772, 149, 204, 193]",26.21092618848206,96.40011463232237,3,1,27.76504375204629
303,"[422, 142]",27.544122141716574,98.71680480717778,1,0,65.7928579993479
304,"[770, 806, 461, 696, 469]",16.714678324250265,60.42664072889275,3,0,15.939649431552235
305,[238],27.044027488993162,98.44429229277797,5,0,17.7824779192536
306,"[495, 854, 898]",18.233217881260106,98.03351269940669,5,0,15.6350014611281
307,"[52, 426, 428, 676, 650]",0.0,100.0,0,0,99.99999999999999
308,"[803, 916, 876]",1.038603604859409,99.9419739943515,1,0,47.71609054685224
309,"[229, 891]",22.890318226918293,99.28637730785546,4,0,21.53839743123633
310,"[615, 533, 3, 301]",5.65749594066164,99.16645972970086,2,0,31.720968547565786
311,"[896, 678, 863]",8.43935329027846,97.34420031284486,2,0,32.38750303487164
312,"[434, 744, 421, 465, 767, 894]",3.8676406081042454,98.10622775816427,1,0,48.74207809241839
313,"[179, 986, 982, 2, 73]",16.693701345316303,83.08564255678365,3,0,21.935393975337366
314,[680],39.339325990804014,91.24899327527406,4,0,24.483331732693813
315,"[568, 479, 327]",32.31353735027247,88.23645878642029,4,0,21.859365464786045
316,"[972, 687]",26.78722187736596,95.21812810634682,5,0,17.15218574294778
317,"[212, 405, 187, 610]",5.025357287686069,94.04235982576917,3,0,20.716409859295027
318,[998],10.725059268820686,99.70799852790259,2,0,34.29906166329513
319,"[740, 625, 343]",1.8685688144514518,97.2750908904487,1,0,46.88935519510138
320,"[604, 263, 340, 192, 840, 731, 211]",44.08190687477529,92.53171635505869,6,0,16.932784167993812
321,"[477, 762]",16.375331340883957,96.77121991576144,2,0,35.92290525917782
322,"[496, 487, 431, 771, 33, 726, 54, 572, 463, 652, 122, 676, 255]",17.782856554194925,67.7186403945537,2,1,25.263390830225557
323,[618],13.034131491463757,96.98849184882167,4,0,18.26603751337153
324,"[132, 271, 663, 389, 298]",23.48876675863889,86.88539181783307,5,1,13.84391567926338
325,"[931, 104]",100.0,94.26655117346685,3,0,54.325236783520765
326,"[284, 669]",22.787920729650732,94.94190788919683,4,1,19.528921267731157
327,"[47, 909]",39.93197226505663,98.02781061345398,4,1,25.027828034858693
328,"[988, 56]",7.455861954003705,98.70977594291757,2,0,32.40666800020771
329,"[51, 288, 290, 513, 515, 432]",25.169925346531283,91.94630201571144,4,0,20.626895271223027
330,"[373, 439, 922]",14.44806577066085,97.69750867646967,4,0,18.815885529834055
331,"[213, 118, 777, 44, 144, 386, 370, 159]",20.081412757543216,87.76764588852166,2,0,34.48797255012946
332,"[212, 853, 713, 289]",29.35372949090338,82.01493699915362,5,0,15.424603280271384
333,"[976, 292, 188, 107]",61.814722016286524,81.09526832039671,6,0,18.780863101123124
334,[108],15.007293391159898,98.73915561296864,2,0,35.973732121973676
335,"[212, 102, 12, 651, 713, 642]",18.36249394184726,94.77037938552054,4,0,19.301692640708364
336,[134],22.454841001428314,95.12542345467287,3,0,27.16024968562771
337,"[633, 558, 392, 737, 883]",9.085418015540148,94.04548571281148,1,1,49.21699701978077
338,"[779, 192, 382, 89, 638, 556]",28.86568513571036,83.16296821626433,2,1,35.938996810223934
339,"[342, 304, 461, 115, 621, 408]",2.286473064994419,92.37458667048283,2,1,26.67429201902052
340,"[570, 938, 540]",19.75330126625854,97.14367621664913,4,0,20.19774539433803
341,"[836, 621, 920, 36]",6.152843128866615,98.82417238493694,1,0,50.73697307712851
342,"[710, 479]",12.33366001698568,95.07031392440524,4,0,17.661532980269413
343,"[907, 935]",4.416728725779453,93.44683794932041,3,0,20.343639761187255
344,[593],17.32668367932318,97.69622787886759,3,0,26.029842794714746
345,"[888, 610]",10.47320988970865,99.81706966899786,2,1,33.15923227388705
346,[52],9.874153537903155,99.19354379904566,4,0,17.840393093067174
347,"[552, 918, 468, 760]",16.765413439709977,98.88922219493003,4,0,19.723341878805577
348,[463],0.0,100.0,0,0,99.99999999999999
349,[127],11.329755680312495,11.515727527702103,2,0,3.43028671312339
350,"[614, 445]",12.684379595894077,97.45231566857984,2,0,34.4250802087888
351,"[395, 155]",5.329026914775124,98.4928554009194,1,0,49.97939850175407
352,"[429, 168, 825, 757]",9.734197717042466,96.613831477784,2,0,32.73936817572398
353,"[121, 701, 918]",19.997327820058214,87.93070142026892,4,0,18.3140375970512
354,"[974, 811, 73, 454]",24.22708086375772,92.29504210047286,4,0,20.43436495686713
355,"[38, 958, 406, 410, 415, 679, 837]",8.355717538536434,91.15777560799383,2,0,30.162780051718517
356,"[573, 803, 125, 905]",22.71871988601492,94.50648125372314,4,0,20.47681621545636
357,"[806, 275]",14.294426915211275,98.05668551383646,2,0,35.39689566768211
358,"[956, 982, 125]",7.587247160011892,74.84674552529907,2,0,24.039025141879147
359,"[866, 522, 494, 314]",61.01680622896655,94.23738726363953,5,0,25.03994447497672
360,[405],14.759651349012188,99.71542975449898,2,0,36.20195910029064
361,"[921, 896, 398, 133, 865, 295, 813, 141, 501]",3.5627497882284644,96.95567263920447,3,0,20.971586822768487
362,[996],23.868305148859598,96.75721351321968,2,0,39.44711016948617
363,[461],1.1385466735301206,99.96984334345925,1,0,47.80146667585686
364,[111],32.55830531607339,97.29967786149682,5,0,18.878911003863998
365,"[498, 588, 895]",0.0,100.0,0,0,99.99999999999999
366,"[68, 933, 682, 219, 91]",18.53255791048335,98.22329798942026,4,0,20.081590408906024
367,"[654, 242, 733, 628, 891]",2.3823459994914753,99.56234317141536,2,0,30.318233872787403
368,[192],34.36595869311962,99.52313270144045,7,0,13.279527301201572
369,"[872, 818, 421]",13.921325750009844,81.33167833888669,4,0,15.198330057833177
370,"[284, 995, 477, 781, 432]",34.72452496061815,90.22156296136183,3,1,29.135527710919547
371,"[693, 699, 954, 724]",15.851187116598258,85.57020280478814,3,0,22.29602511708111
372,"[807, 245, 472, 481]",55.71355549621865,93.90590788434314,5,1,22.67275690074577
374,"[800, 671, 9]",21.60013196176784,91.65120708103898,5,0,15.300638601734052
375,"[295, 97]",15.100606161720531,97.60895742292897,5,0,14.822293086608218
376,"[935, 142]",34.97119293906883,97.27144420605286,4,0,24.525355354029976
377,"[318, 129, 106, 506]",32.92944166462756,93.63912126646474,4,0,23.178500116164095
378,"[20, 601, 733]",0.0,100.0,0,0,99.99999999999999
379,"[557, 258, 838]",9.918965428376268,64.7850546770847,3,0,14.69378457712664
380,"[168, 361, 311, 85]",5.329965575271246,97.07929924591183,2,0,30.829421915598317
381,"[773, 430, 889, 152, 857, 950, 301, 259]",10.82236199099518,86.91198080028411,3,0,20.87509526701785
382,[230],4.737400589735431,99.82905076426852,1,0,50.269427894700144
383,[600],37.78768599634554,54.11922721050292,4,0,16.175273915159675
384,"[342, 346, 256]",10.250539110239334,97.86764315888254,2,0,33.425466552006306
385,"[817, 363, 223, 410]",2.286473064994419,98.55457512100494,2,0,29.917087981255246
386,"[151, 538]",2.56843704432289,99.55105463279055,1,0,48.58977005670694
387,"[763, 820, 256, 30]",45.99310142343215,84.19498127805375,5,0,19.728179297834412
388,[114],13.014121752148569,94.99703786056185,5,0,13.869605985585844
389,"[882, 506, 887]",8.250953744390365,97.67222802409461,3,0,22.817517363110326
390,"[873, 417]",16.810759327344147,94.72545228917514,3,0,25.06053310891332
391,[273],17.705135218706744,98.88994062345552,4,0,19.989056660023852
392,"[398, 855]",8.670337146274742,97.6519741450444,4,0,17.173466082218184
393,"[888, 713, 443, 642]",4.1426856460299035,96.14989037982568,1,0,47.899792223355874
394,"[186, 536, 26, 725]",66.73982992023869,69.66377232128444,4,0,27.65169240646728
395,"[288, 432]",17.087027307841247,98.56276947283827,3,0,26.17476198278696
396,[413],25.303551284287312,99.41542584206701,2,0,41.06210719448527
397,"[223, 357, 847, 593]",52.35237896227626,95.87953629093883,4,1,28.082475295199856
398,"[681, 647, 686, 402, 141, 833, 375, 35]",33.540344770050176,73.57332909186647,6,0,11.934784025010188
399,[957],9.418640532687432,89.89001836459252,2,0,30.215580966528957
400,[979],26.868392719764138,98.98424018885751,3,0,29.741654260646435
401,"[210, 512]",21.404801597642106,95.32172644229479,4,0,20.278296264960037
402,"[596, 863, 85]",20.420024511003028,85.67157469416745,5,0,13.966585108079625
403,"[431, 301]",8.214903913627529,98.86407787548887,3,0,23.120545213703473
404,"[769, 452, 848, 189]",5.189330225704802,97.87764949492345,2,0,31.04519756531633
405,"[586, 955, 859, 869]",34.989917079570624,93.4000433546308,5,0,18.76278388126324
406,[727],14.473084292115413,98.51309165869378,3,0,25.238235192520825
407,"[580, 310, 4, 194]",16.999659092770663,92.40834991148331,7,0,9.269761477565343
408,"[727, 38, 736]",12.532766955639174,93.63395833531885,3,0,23.260174032397003
409,"[888, 539, 123, 544, 764, 642]",16.651456671740565,97.48758146919913,2,0,36.306010878817006
410,"[274, 795, 568]",4.165003141095734,97.99109839511979,3,0,21.45865068024241
411,[212],9.134213308601629,99.97603058611196,2,0,33.64446259728776
412,"[539, 443]",3.5707262152090347,99.00341267737593,1,0,49.007701069442675
413,"[948, 712, 970]",41.392949120519,94.52614935241964,4,0,25.75826511569563
414,"[151, 867, 474, 578, 672, 72, 983]",21.431090546427516,82.34076863633086,4,0,17.534441094155248
415,"[688, 344, 956, 986, 53]",24.06983360071938,86.25056573231942,4,0,19.108814403771046
416,[640],2.4497358720023175,99.98791089673382,2,0,30.500304338957026
417,[64],24.322082008391416,98.52655514592848,3,0,28.72092307445517
418,"[535, 317]",0.0,100.0,0,0,99.99999999999999
419,[254],14.015031069209323,99.82883023770975,1,0,56.8238863187207
420,"[77, 490, 230]",21.173737104142983,94.6231346963178,3,0,26.57463091906853
421,"[112, 483, 574]",7.693842352499742,84.91738298624574,3,0,19.24151955659672
422,"[186, 240, 136]",74.01142866024149,82.91590368707108,8,0,15.409053864124111
423,"[31, 709]",15.992713665690582,99.19927741482468,2,0,36.60039634223249
424,[64],11.536036675530992,98.47034357184346,2,0,34.24383100402404
425,"[121, 524]",25.606151164907228,98.06866220002237,7,0,11.539673163230693
426,"[676, 407, 802]",2.2689705856886087,99.64847862637221,2,0,30.29526164999437
427,"[747, 638]",9.18076708692128,97.77923601884667,2,0,32.89037987513454
428,"[430, 152, 629, 381, 650, 497, 648]",29.635296985664645,72.10210996533579,6,0,10.923801068059328
429,"[801, 566]",9.433293908138976,96.68220397355786,2,0,32.62179633330775
430,"[804, 46]",58.59952021209895,94.14380470292504,8,0,14.311481414407053
431,"[964, 858]",20.879630123075323,62.92999466040488,3,0,18.074127976662137
432,"[995, 598]",69.49000021221275,92.8126512365116,8,0,15.864526711652617
433,"[609, 51, 246, 599, 241]",4.816981380348802,98.83606023187832,2,0,31.208378092868113
434,"[866, 121, 973, 760]",7.891199581769687,96.8913536017688,3,0,22.48355488807399
435,"[533, 977, 381]",8.30342894310646,96.30242431700381,3,0,22.473145569798074
436,"[508, 13, 525]",6.131175873782496,87.67245291610809,1,0,44.812711672448344
437,"[689, 692, 445]",14.194443591600466,99.62057952986962,1,0,56.84029424509292
438,"[805, 486, 861]",15.205624029031979,97.80182301800942,3,0,25.30856236095601
439,"[210, 460, 423, 165, 877, 364]",61.34512119209198,84.71292644091903,6,0,19.233753537261038
440,[614],8.194124294349466,98.88733248436296,2,0,32.81710698617151
441,"[521, 805]",2.800776770929649,98.0987997657941,1,0,47.98441105178168
442,[544],28.01073108719838,99.68849828394032,4,0,23.07063912859702
443,"[586, 349, 611, 553, 902, 37, 456]",31.797056838872813,25.283744987887033,6,0,4.272273399519159
444,[868],3.8665580222090896,99.99075430967204,1,0,49.739865995634126
445,"[24, 991, 333]",42.580004923540265,95.01018458938745,9,0,10.111228024366763
446,"[149, 823, 309]",2.756443676234936,98.70564365825517,1,0,48.2746379992
447,[883],10.706151996017491,93.2290647704545,2,0,32.00149775613029
448,"[539, 851]",14.725239788104409,97.56963312546154,2,0,35.42775694193136
449,"[921, 398, 133]",21.09562724292466,92.0177582715172,5,0,15.246570427329152
450,[905],10.034738036001471,99.70150036948326,3,1,22.925518341858766
452,"[934, 500]",12.222761905288952,99.19220541750433,3,0,24.623238140625894
453,[855],6.697438571647257,99.19046361748798,3,0,22.670977250591733
454,"[179, 450, 285, 410, 476]",6.079796643581489,97.94064068140146,1,0,50.217209977001566
455,"[346, 796, 92]",0.0,100.0,0,0,99.99999999999999
456,[19],11.48713025991544,99.49011599654109,3,0,24.442305896412748
457,"[952, 967, 899]",18.981985212003295,84.69914385892257,2,0,32.8862111014951
458,"[31, 229]",33.622086785403695,83.5327879445279,5,0,16.69787812022567
459,"[907, 725, 470]",26.881587327751234,83.55982801561872,3,0,25.659854058296272
460,"[922, 941]",9.621987626098864,96.86522785451898,1,0,52.14991269962963
461,[870],28.212592251532843,94.99075648666708,6,0,14.101761289323926
462,"[853, 448, 289]",7.670506663115893,97.12254106024866,1,0,50.907548627071925
463,"[104, 87, 159]",53.387567009928176,75.9175353581293,6,0,16.295936670389988
464,"[896, 402]",6.821264058989871,98.75882565327777,2,0,32.12510223716951
465,"[886, 314]",16.820466669725626,98.32261403597505,3,0,26.01697495729062
466,"[517, 523]",29.179342110971508,99.14219186601002,4,0,23.285096646745124
467,"[206, 244]",11.984465607009074,97.13352980034395,3,1,22.933907813215875
468,"[465, 579, 880]",24.008134865969197,98.01358820482137,3,0,28.474119728018536
469,[38],44.659230153880664,95.27801106487816,5,1,20.3118364580258
470,"[514, 655, 71, 272, 235]",25.262456828442524,83.32456471856598,3,0,25.02557297731444
471,[667],33.26506781975718,98.14366195744364,4,0,24.22807415246354
472,"[553, 88, 123]",51.17217166375111,97.79387667116679,4,0,29.214430953544387
473,"[212, 411]",6.531290798938696,99.85195266722457,1,0,51.54893268004392
475,"[106, 191, 445, 452, 887]",41.704117507544446,86.02551812911766,4,0,24.0445109886618
476,"[765, 397]",25.10855316741415,87.69925655041992,5,0,15.428857150974602
477,"[414, 383]",20.242309951254082,87.78108989130781,3,0,24.43291311987867
478,[87],18.44000100959204,97.38855678295111,2,0,37.11342608744964
479,"[387, 52, 33, 75]",29.193040845583756,94.23958051425225,3,0,29.30580263710883
480,"[482, 101, 276]",11.366632397130719,93.36008551613787,2,0,32.35886325100423
481,"[793, 396, 175]",19.031174276831845,94.84023126094912,2,0,36.4916794082112
482,"[660, 689, 404, 692, 445, 45]",18.4314415749246,92.28148872105422,3,0,24.985542323455974
483,[425],7.292429391228518,99.87753562396476,3,0,23.063184669259627
484,[241],12.189633467506763,99.87049872544395,3,1,23.73150046634094
485,[974],10.404095549416176,99.94264860726182,1,0,54.33309673370413
486,[558],30.04860191439153,97.812998240089,5,0,18.378546458654778
487,"[629, 214]",3.8976098227054625,99.12981248749979,2,0,30.879125622916064
488,"[443, 535, 472, 175]",38.894274253618896,76.36894276145065,4,0,21.2037687596275
489,"[571, 503]",23.357656447455184,87.75139542078222,3,0,25.52553031227086
490,"[340, 89, 16, 260, 874, 178]",7.170133891090172,97.551679792901,1,0,50.78142650921857
491,"[994, 693, 709]",10.58635436570607,99.80566823908694,2,0,34.2682338117337
492,"[992, 253, 375]",4.476828607783279,98.9992432586051,1,0,49.64564626186354
493,"[100, 474, 926, 427, 931, 873, 556]",21.71841678771638,94.5155823678268,2,0,37.642676001396154
494,"[744, 206, 244]",19.296698195683224,94.81459017467516,3,0,25.962297261517207
495,"[328, 425, 522, 494, 798]",19.688770650725992,97.55140841281938,5,1,14.832891115609781
496,[841],17.636683297592484,99.94078074059284,4,0,20.192435517484277
497,"[533, 572, 479]",36.709090834104664,87.55359996656607,8,0,10.098732808528405
498,"[109, 538, 555]",8.82700474714123,81.33890897900656,2,0,26.916276688160284
499,[553],9.249774936941511,99.96915652271258,2,0,33.696463300763256
500,"[203, 753]",14.651627244211172,98.16057110740772,2,0,35.60183239931601
501,"[865, 846]",11.56406407072483,95.55467708512295,3,0,23.426848365298543
502,"[963, 884, 266, 107]",20.48282059895195,94.88840860134869,3,0,26.400847542239358
503,"[631, 682, 28]",21.66615940037702,75.19736743277859,2,0,30.793977176334366
504,"[120, 670, 863, 732]",2.3936649803114047,99.20245898760248,1,0,48.28158479828021
505,"[707, 256]",29.420334787978696,95.14724795633397,6,0,14.369241554264867
506,[189],24.80455861063503,84.04296467271544,7,0,9.540146814258504
507,"[658, 31, 605, 584]",6.376560789163338,98.47315061437638,1,0,50.70903224465947
508,"[994, 897, 165]",27.577658419802905,86.77342357608148,6,0,12.729564645241755
509,"[641, 605, 546, 13, 519]",8.596203922483205,91.80141452348033,3,1,20.324355213430177
510,"[482, 714, 15, 45]",48.329576416238034,83.4158594038814,6,0,16.410136610523303
511,"[437, 198]",28.768722003972535,97.06828825488736,6,0,14.528538921667053
512,"[508, 664, 658]",14.154444503382464,95.64258899254679,2,0,34.47819425932832
513,"[163, 316, 538]",14.088150374899618,90.59189126996523,4,0,17.20815516130016
514,[394],25.667907005912276,94.51154948264953,4,0,21.311321710543936
515,"[752, 144, 640, 477, 8, 166]",29.878152112962333,89.5115160487669,6,0,13.608453897283896
516,"[198, 350, 209, 17]",24.579535428193523,96.72214878909561,2,0,39.76970953957753
517,[959],28.38954021457247,98.646546010469,6,0,14.690933569317737
518,"[148, 693, 548, 109, 252, 904]",29.3669406960366,85.73018296156057,6,0,12.93280268502552
519,"[148, 509, 630]",5.319268439636018,99.34507518340152,2,1,30.5650217649126
520,"[182, 359, 306, 979]",9.719486950979269,98.87838912827452,4,0,17.729888474391814
521,"[168, 732, 201]",27.960415645382703,74.79646768939541,6,0,10.993620067434467
522,"[347, 495, 898]",19.296698195683224,98.92893305130028,3,1,25.99259065082499
523,"[360, 701, 944, 544]",29.091485178770753,98.8065602310431,3,0,30.479879629767428
524,"[949, 353]",24.863743394511204,97.59387564267936,3,0,28.66516378430489
525,"[373, 548, 973]",12.228496298677493,64.46052540697357,3,0,15.423638515606346
526,"[302, 59, 366]",30.88079224305527,93.6623672491927,4,0,22.60448496365151
527,"[257, 488, 550, 442, 411]",24.753233443564557,95.2256309515033,4,0,21.204185684093282
528,"[842, 2, 674]",15.675494844470734,95.14717012292543,2,0,35.019596417876436
529,"[340, 320]",4.057385224313959,99.8857087931811,1,0,49.81902356753799
530,"[156, 333, 99]",19.23925619312163,95.28538049420678,1,0,58.1073271002082
531,[502],6.02712667126445,98.76104559613387,1,0,50.61470641067177
532,[193],23.023917027389626,98.82110058551453,5,0,16.902305158668103
533,"[763, 892, 796, 749]",36.02703772467441,94.55762481763895,7,0,12.915144690776394
534,"[420, 729]",27.947959441964517,97.6163348282726,2,0,41.672087960428165
535,"[11, 611, 233, 642]",16.9125984164407,95.41017565960635,3,0,25.2779143216825
536,[204],47.23550707918243,95.06398889319885,4,0,27.523348057576754
537,"[911, 134, 923]",18.810113994663364,87.19535112184236,3,0,23.7718128597551
538,"[752, 826, 972, 391, 287]",23.09648000241912,72.88285161104903,5,0,12.338099717111954
539,"[135, 859, 559, 456, 88, 643]",16.257074116905926,97.80950321478565,4,0,19.35084276394569
540,[325],16.58075442196543,97.78477199169485,3,0,25.789804528100127
541,"[705, 545, 775]",13.25736575176786,99.30369077232986,4,0,18.819823957255526
542,"[749, 315]",13.335697501414929,93.80024797188332,1,0,53.14958173462042
543,[841],5.780112743558984,99.85697230361238,3,0,22.52351663650105
544,"[888, 472]",47.93893410668629,96.99577705309936,6,0,18.387163890015252
545,"[199, 468]",35.56240099787652,97.94053021507666,4,0,24.834240201228518
546,"[978, 698, 724]",2.0470717294812486,95.21757176823142,1,0,45.92524995290955
547,"[626, 516]",6.040107696058124,99.7602485846447,1,0,51.153324381828995
548,"[373, 70, 877]",9.324441607206554,95.20834957326582,2,0,32.04989399787342
549,"[595, 883, 825, 969]",0.6239347300675054,99.68779510622417,1,0,47.28844855852133
550,[488],22.733822937631707,85.57888757291427,4,0,18.588901209252455
551,"[475, 209]",29.971620872409538,87.1505623552074,3,0,27.7027065647314
552,"[754, 541, 119, 183, 359, 495]",16.67326760438595,97.0827179836635,4,0,19.314417306444057
553,"[611, 128, 442]",52.24187439040522,97.21975067762658,7,1,15.07196545096827
554,"[873, 417]",2.0218651625286825,99.25256962394839,2,0,30.0390229028787
555,"[978, 518, 954, 25]",20.16788591258351,98.12395254612889,4,0,20.522673080644957
556,"[368, 77, 280]",11.872003868439645,94.87602427416913,4,0,17.489891111652362
557,"[576, 628]",12.000760942049519,68.86589103612498,4,0,12.013489157429666
558,"[95, 566, 711, 35]",31.746508772551582,97.32102638562331,2,0,43.35686882553404
559,"[818, 784, 278, 289, 175]",15.985046118437843,98.84356278805308,3,0,25.859883201028715
560,[314],10.404786944292045,99.25481536624523,3,0,23.997632953082498
561,"[551, 751]",4.606346124042194,84.4550505475586,1,0,42.030628365570216
562,"[603, 653, 644, 453, 154]",18.586838359931434,87.63115472637779,3,0,23.808401064835362
564,"[907, 926, 911, 537, 184]",0.0,100.0,0,0,99.99999999999999
565,"[368, 390, 170]",15.603855558721941,97.17185397648356,1,0,56.53852860035066
566,[969],13.290823770087108,98.8591593233596,2,0,35.20767449938024
567,[156],10.131120841918126,99.85408762597028,2,0,34.07092509746884
568,"[799, 727]",21.37488142520738,88.25622993103381,4,0,18.772325073303186
569,"[120, 787, 903]",10.605380594817907,96.50350581791805,3,0,23.339574680655033
570,"[368, 931, 293, 16, 424]",14.532823405217485,95.07986402734117,4,0,18.285033976650322
571,"[532, 661, 935, 823, 272]",16.6977493373973,98.1382628356443,2,1,35.497926628328784
572,"[127, 304, 802]",18.117122764430146,62.1722745264272,3,0,16.89753645808903
574,"[730, 704, 767, 778]",6.911461566359602,96.83620466789127,3,0,22.122855301866334
575,"[550, 128, 374, 317, 527, 745, 289]",11.864532953485913,93.27285731597918,2,0,32.562558855466946
576,"[907, 945, 824]",7.478587673310446,85.29860665000126,3,0,19.266481016500393
577,"[132, 547, 551, 191, 769]",30.781517234532327,93.88138183294359,4,0,22.622849789292868
578,[826],13.2236022854471,90.04001709354458,4,0,16.84686803426744
579,"[18, 767, 74, 880]",18.847749087901153,84.69678342229042,4,1,16.244010042934075
580,[283],17.49116343873092,98.2059106724782,4,0,19.78361030164101
581,"[496, 841, 322, 315]",40.33990620943168,78.77670713044935,4,0,22.122620102969986
582,[984],19.823465069546295,91.3706699873433,3,0,25.23596188510152
583,"[185, 28, 173]",13.432388028626846,98.58313394204868,3,0,24.889169827876
584,[827],9.931185311374762,91.42553466955793,4,0,16.2100983121205
585,[125],15.675494844470734,98.21579469415775,2,0,36.103576362169335
586,"[888, 138, 257, 202]",17.347056980877266,95.4115943648208,3,0,25.431761019287944
587,"[330, 922, 827]",19.395242201607612,90.49649775596791,4,0,18.687704706431145
588,"[31, 699, 709, 145]",0.8319129734233399,99.91333152521476,1,0,47.554888425196125
589,"[387, 909, 3]",6.347268130427238,99.04524189131197,4,0,16.812273770877887
590,[744],8.424940109952653,98.9964229626905,3,0,23.229802498783005
591,"[41, 118, 0, 166]",36.35591697929299,86.53945818585795,5,0,17.87273559709078
592,"[57, 53, 936]",2.1288894616983725,99.8579601004949,1,0,48.44185281885647
593,"[834, 313, 223, 837, 53]",54.38132515639094,65.0931815108681,6,1,13.798080922189188
594,"[590, 520, 388, 369, 854, 74]",5.229972938781665,97.90882080197157,2,0,31.07535122232855
595,"[521, 678]",18.385238804223064,98.41481187716947,4,0,20.08054940920747
596,"[990, 678, 757, 635, 989]",10.56713491692502,91.65916757103415,3,1,20.982892936100278
597,"[600, 6, 645, 540, 16, 178]",3.7955587198676737,94.57392008778926,1,0,46.8194914373624
598,"[826, 768, 28]",52.000226640105375,87.01599475955895,4,0,27.164089321741113
599,"[118, 583]",6.122280058779661,99.77955212031029,2,1,31.096713483761807
600,"[263, 864, 873, 113]",46.878477032880625,48.716228582626194,4,0,17.599150553264817
601,"[532, 655, 131]",16.040870391388808,97.2652742006164,4,0,19.17439615368695
602,[376],16.823341716945095,99.2571014626988,4,0,19.817683403737547
604,"[864, 260]",23.372890796341135,97.3043339396728,3,0,28.06181615325486
605,"[774, 341, 36]",17.727695107536537,97.76762411245703,5,0,15.46899006587833
606,"[47, 710, 428, 581, 648]",36.553040365783026,91.23268540035728,3,0,31.109063753908902
607,"[84, 159]",26.328906170155463,99.38248924283452,3,0,29.656592662714225
608,"[664, 845, 946, 364]",35.56044580654545,90.40476124711702,6,0,14.89068258720176
609,"[414, 171, 173, 843, 607]",1.3653409305646924,99.71383107960425,1,0,47.826042055214685
610,"[345, 793]",15.021443445445842,95.78812738806528,3,1,23.650264960584227
611,"[784, 955, 651, 374, 409]",25.35555760617678,96.81128322289273,3,0,28.63155943761932
612,"[41, 867, 433, 296, 287]",13.497155443608362,98.5732997238411,2,1,34.14413827918679
613,"[285, 847]",7.579303386562697,99.31293308377504,2,0,32.67787125133203
614,"[660, 844, 934, 567]",18.836027766731256,95.87313460307823,3,0,26.080012278001327
615,[763],6.675654718251867,99.97265648642568,2,0,32.48530209647341
616,"[95, 201, 464]",16.53672704053738,90.38098695413274,4,0,17.85541477969588
617,"[709, 608]",4.3166052031016084,98.5100082423879,1,0,49.27321903706899
618,"[786, 423, 827]",18.455561819727322,94.8227788246694,2,0,36.21440385687849
619,"[906, 110]",22.382949701276132,97.41804137329183,2,0,38.980950220531284
620,"[162, 400]",11.20970759923855,99.69249971417608,2,0,34.52185366923595
621,"[836, 83, 904, 86, 249]",9.411378021856855,90.40890570115764,4,0,15.847730168642778
622,"[81, 865, 375]",2.8723901626654946,99.51906272795455,1,0,48.78755909204034
623,[697],27.645444840166874,98.45946348000663,2,0,41.827437104515354
624,"[313, 357, 679, 476]",5.582025942460214,98.09564817262095,2,0,31.307162456777057
625,"[68, 422, 557, 935, 305, 593]",37.32915893905074,70.03614989122514,3,1,24.70778952032987
626,"[839, 692, 667]",36.14298586860675,98.0761385518783,4,0,25.027053594119607
627,"[58, 376]",19.66249064300701,99.071641819573,1,0,60.41256260798544
628,"[20, 470]",9.93871405674573,83.46165228949977,3,0,19.648838443683065
629,"[496, 327, 267, 930, 301]",21.282139076045272,89.65272864247763,6,0,11.8946843184537
631,"[632, 682, 985, 628]",7.742080072087076,96.50836239530767,2,0,31.763834327992107
632,"[193, 891]",25.800811945276056,97.56288283178996,4,0,21.995603373081494
633,"[788, 358, 903, 35]",9.290773451015355,76.54638158180485,4,0,12.875517370804136
634,"[350, 153]",11.734423759660295,94.24508091407841,4,0,17.317284388471
635,[562],12.884266902853927,95.24025880648988,4,0,17.85315223828423
636,"[826, 124, 331, 983]",21.259911733456647,89.29966559025851,2,0,35.58421970968558
637,"[313, 354]",7.258881159069837,98.54200800366083,1,0,51.36887028197512
638,"[604, 338, 957]",48.93072778513972,60.753751165253,6,1,12.040899094298588
640,"[591, 296]",9.59120932837262,98.95793478522128,2,0,33.50006693754593
641,"[130, 518, 323, 50]",25.837901211238567,89.2485721014395,6,0,12.753101779228263
642,"[499, 948, 296, 559]",23.131027088116248,87.88947508917458,6,1,10.941211855332586
643,"[807, 278, 23, 317, 332, 944]",9.865882139125924,87.89969372518709,2,0,29.72315489273142
644,"[61, 868, 196]",7.741853718103047,97.41171655519983,3,0,22.568661204247288
645,[87],7.94305242495696,99.64859357394053,2,0,32.96776599145028
646,"[570, 368, 719, 6]",8.884437266901813,92.7650590371033,1,0,49.456285456505384
648,"[909, 629, 299]",25.755833341547827,91.72310627491684,4,0,20.745165258381977
649,"[911, 320, 747]",41.59181267018004,90.11850563207976,4,1,23.820534757378695
650,"[723, 435, 579, 497, 581]",9.178028416418407,86.23230617289671,4,0,14.896565553853218
651,"[345, 160, 706, 544, 289]",10.960203152803285,98.8581352631426,3,0,24.088737311802298
652,"[580, 707, 726, 782, 315]",2.5495097965503164,98.82021030623531,2,0,30.13481156390209
653,"[633, 670, 732]",3.852845045160954,94.62267826836487,1,0,46.88579925230467
654,"[112, 422, 666]",7.632466981431373,97.92412746894227,4,0,16.937849410622857
655,"[675, 935, 193]",14.558725959636801,90.41388633442835,3,0,23.122727706518866
656,"[70, 525]",4.23327791059445,90.86966011125477,1,0,45.165963115871506
657,"[578, 383]",5.329026914775124,92.08108405155185,1,0,46.58199778258669
658,"[641, 518, 252, 401, 509, 639, 899]",26.830945112035174,79.60775560175,6,0,11.494017601846208
659,"[47, 57, 759, 916, 125]",10.128607934667638,67.96695407840997,2,0,22.805733033234798
660,"[663, 952, 226, 887]",10.148257618919098,96.67584388260622,3,0,23.223756053977315
661,"[571, 422, 20, 891]",19.212953503515838,98.93791640359797,2,1,36.96504959760597
662,"[169, 727, 568, 696, 876]",2.1288894616983725,97.50192056716156,1,0,47.19345982902799
663,"[844, 324, 510]",21.94688421542344,94.91005563718483,4,1,19.28449589894515
664,"[699, 40, 877]",27.515006893154734,94.58809809060722,4,0,21.849530814146256
665,[752],0.0,100.0,0,0,99.99999999999999
666,[627],19.08591152880389,99.06609552047473,4,0,20.416595466736815
667,"[551, 998, 516]",65.9380811201277,95.75787082497851,5,0,26.467444732162217
668,"[528, 585]",21.854738086119514,96.96313221308019,2,0,38.57147030321346
669,"[777, 147, 349]",20.21085901006221,82.50001208748584,3,0,23.022662727000434
670,"[633, 816, 501, 35]",12.73893214021149,93.22730166232657,4,0,17.385439409682817
671,[372],20.48883607946391,97.27669906574948,2,0,38.03890368994609
672,[395],6.886470057642118,99.91791689622343,2,0,32.56525849914316
673,"[963, 692, 436, 333]",24.4769422312383,83.77006648465253,2,0,35.146114912932376
674,[57],40.88944876575313,99.07710980139592,6,0,17.27928577503219
675,"[422, 302, 193, 947]",5.6148653777137465,98.13123166309053,2,0,31.33519939654669
676,[634],4.974030846449088,95.21157175172682,4,0,15.611663471131301
678,"[708, 268]",19.383112025624627,99.22602713928786,4,0,20.534480562923676
679,"[806, 469]",18.21291673398714,98.93248541199193,7,0,10.34828555634848
680,"[320, 64, 720]",44.39495801584128,89.92182922019016,2,0,46.70048597565184
681,"[896, 168, 694]",4.09424623999825,98.44758272569672,1,0,49.08304675907041
682,"[933, 193, 42]",13.524216855885868,93.49194954891999,3,0,23.572776886898716
683,"[817, 736, 679, 53, 125]",4.32865023586774,99.37839831032694,1,0,49.74186198791382
684,"[488, 233, 164]",12.147362361761264,96.02186448259947,2,0,33.66684638395899
685,"[480, 828, 879, 714, 991, 379]",0.0,100.0,0,0,99.99999999999999
686,"[63, 992, 810, 868, 453, 635, 375]",11.412363369812143,97.27776898576089,3,0,23.829767409588058
687,"[657, 254, 591, 351, 513, 515]",32.784554257811216,78.65255839683898,5,0,15.638680084458658
688,"[658, 765, 275, 668]",9.16415092174278,88.30853131409619,2,0,29.537063373725474
689,"[976, 258, 377]",13.858114438512576,96.21167679783292,4,0,18.33424840882498
690,[463],0.0,100.0,0,0,99.99999999999999
691,[59],14.30843276487621,98.96579320654673,3,0,25.30000899092543
692,"[884, 156]",29.232713435331103,97.21743857862162,5,0,18.08121720189118
693,[83],42.938124873284636,99.25108459215606,8,1,11.394306000835446
694,"[268, 441, 562, 711]",9.656242477758065,85.27414232218715,2,0,28.696949641790955
695,"[491, 210, 967]",0.0,100.0,0,0,99.99999999999999
696,"[799, 108, 958, 334]",20.86756469018866,72.73074243165718,4,0,15.338367307164177
697,"[475, 673]",46.942192213640666,87.01730976077337,4,0,25.734982913348627
700,"[720, 184]",39.462089972249416,96.30899286207259,2,0,46.63337140712191
701,"[575, 332, 462, 764]",31.330738363808212,87.14323545462418,4,0,21.34992327791365
702,"[65, 736, 150]",2.49573892027002,99.11896904277171,1,0,48.30946050183878
703,[835],10.75118679298061,98.94495448656018,2,0,34.041825192624756
704,"[973, 524]",20.591242428626536,96.7851077307018,5,1,14.910074529275533
705,"[742, 359, 560]",15.13647762974617,97.16606187746657,4,0,18.89778968922159
706,"[793, 27, 466, 372, 745]",75.32285933557326,90.05358125936276,7,1,18.199317198379717
707,"[533, 796, 327]",18.420801478599156,96.4712695286299,3,0,26.091801836463496
708,"[595, 919, 883]",28.920707942358796,91.53073084771768,7,0,11.259038185517003
709,"[815, 247, 630]",33.04017290308997,98.26382713640417,8,0,10.783834557089891
710,"[857, 66]",20.015314313665172,96.34367602723687,4,0,20.102231271048304
711,"[992, 616, 569]",14.77182953461534,89.12943114510081,3,0,22.857709054605365
712,"[12, 443, 535, 860]",25.242565658316135,86.67290970469288,5,0,15.279140194930665
714,"[697, 934, 839, 452, 209, 143]",13.397924505612583,93.93447453432117,3,0,23.645404794542753
715,"[817, 974, 936, 239]",8.25629369921847,97.66093344927008,2,0,32.41316767125529
716,"[76, 82]",10.16539274467146,99.71793953255829,2,0,34.03897319411502
717,[971],9.497096396299506,98.85593686684938,2,0,33.41970984813822
718,"[385, 339]",0.0,100.0,0,0,99.99999999999999
719,"[39, 971, 89]",8.195452781392516,93.5369319436434,3,0,21.702328664547586
720,"[192, 638]",38.03802764279003,94.07949463273906,4,0,24.715507079368596
721,[118],0.0,100.0,0,0,99.99999999999999
722,[246],11.126724644810672,98.97986004942827,1,0,54.333476598423275
723,"[3, 791, 407, 256, 301]",9.31011711183693,98.11845791964305,2,0,33.071131924787174
724,"[81, 734, 86, 264]",25.366972324284507,0.0,5,0,0.0
725,[422],34.20324428095389,95.59598098104436,3,0,31.43499539625073
726,"[723, 228, 862]",21.070048467204046,97.03347755037016,5,0,16.126438558140777
727,"[65, 291, 415]",31.886482752680404,83.2523139996756,4,0,20.682303036896492
728,"[988, 114]",11.412407387323649,97.21938990281217,4,0,17.856681537014417
729,"[6, 325, 478]",27.81165060421443,98.66679790597013,4,0,22.79783252989821
730,"[76, 579, 369, 898]",8.85795148234889,94.69835489328055,4,0,16.60047247015355
731,"[263, 39, 474, 374, 399, 971, 64]",34.41074312239636,63.97580109978809,3,0,23.131012473099933
732,"[398, 449, 816, 141, 757]",17.00277796923505,86.12573291852533,4,0,17.085227982048327
733,"[489, 172, 514]",21.440352525335342,96.90156764157659,3,0,27.27244762245213
734,"[508, 709, 86, 36]",7.70597330872445,91.11945630038355,2,0,29.843217669002573
735,"[76, 121, 279, 388, 775, 69]",4.356065325761993,82.90221396277411,2,1,24.302979878006905
736,"[568, 738]",14.713778216263796,98.40313050603599,4,0,19.040529992031125
737,"[402, 801]",7.114971398841393,99.70514352563731,2,0,32.59772008774682
738,"[461, 476, 674]",17.03736004391568,98.68333976142557,2,0,36.91016647093668
739,"[906, 139, 985, 21, 91]",4.917908807608015,88.02155301137442,1,0,44.14052514946455
740,"[186, 632, 242, 985]",17.597124898451998,90.12969000106587,4,0,18.101818168868054
741,"[767, 886, 574, 353]",5.59966210276591,91.45176214251515,2,0,28.96854155889177
742,"[347, 999, 744, 728, 574, 880]",9.756223804317322,95.98923683608965,3,0,22.903365608448247
743,"[555, 941]",15.622279087409401,98.97176966056666,2,0,36.345557288880336
744,[114],22.35573926476952,97.04051143063187,5,0,16.43045782268739
745,"[335, 706, 128, 164]",15.92362975914933,98.34359783452764,2,1,35.20585404392348
746,"[218, 250]",13.336819421577745,98.36132467008834,3,0,24.796645620873175
747,"[79, 100, 964, 873, 717, 104, 89]",24.188317230159015,89.40607221960975,4,0,19.811099906670336
748,"[663, 143]",15.636794010070776,95.5658747900882,3,0,24.868491367165994
749,[797],27.005936956117615,84.28189230192163,5,0,15.272100762684758
750,"[754, 552, 301]",14.450210845989453,72.00740102521743,3,0,18.207879523943816
751,"[226, 156, 471]",8.077769388965644,95.35640820142439,3,0,22.142799748862696
752,"[331, 173, 917, 607]",62.53463202013373,81.36171617245522,4,0,28.942668762200533
753,"[663, 266, 531]",17.314840635218875,89.92178161706971,3,0,23.965939132145195
754,"[347, 730, 29, 894]",17.45379483759791,96.4115717580851,4,0,19.392744015662686
755,"[955, 517, 713, 202]",0.0,100.0,0,0,99.99999999999999
756,"[182, 483, 744, 728, 560, 798]",15.541102872159405,98.50899161953645,2,1,35.084110547121945
758,"[600, 158]",9.175218550737014,98.06624173419564,1,0,52.4706541197311
759,"[304, 334]",18.73026379294765,94.58795104930302,4,0,19.36695801119583
760,"[866, 76, 541, 262, 353]",9.840726523125266,86.93231940882112,3,0,20.533724678127214
761,"[467, 248, 854, 74]",26.45574245045855,93.37712262945652,2,0,39.47177576795044
762,[326],13.947976120132761,98.80654699261967,3,0,25.130489214820578
763,[950],35.22259405704442,95.12390334876673,6,0,15.536922237792721
764,"[517, 523, 527]",21.00930360999416,97.41154574870838,4,0,20.60946216561829
765,"[208, 108, 291, 659, 406, 73]",15.244385857238393,83.75144298010444,2,0,30.79104905617457
766,"[826, 288, 326, 155]",0.0,100.0,0,0,99.99999999999999
767,"[520, 579, 775]",17.284164975923627,94.85709612213601,6,1,10.815830381988787
768,"[826, 890, 207, 952, 515, 822]",20.42478802430192,89.77255444463356,2,0,35.3579268699584
769,"[828, 324]",7.83165858618568,99.27556375285309,2,0,32.78352869520041
770,"[247, 439, 658, 641]",31.581898430025543,81.27873238594269,4,0,20.177932321488775
771,"[403, 267, 543]",10.808162230778315,98.71263318478822,2,0,33.986593719381545
772,"[58, 849]",42.46430408742483,96.34450431881119,4,0,26.446422946007154
773,"[228, 804, 407, 301, 543]",1.5302799010414538,99.15995934236302,1,0,47.64909055865415
774,"[664, 491, 987]",29.73306696747379,94.78630608794079,4,0,22.518357566113362
775,[400],18.17769339757761,99.10051328554549,4,0,20.167230556356717
776,"[435, 205, 650]",2.370799260310644,98.69622531875662,2,0,30.006842584034523
777,[910],30.472074670932162,99.29458475496007,3,0,31.096862213997664
779,"[320, 399, 230]",12.702710757187244,98.15254610595231,2,0,34.68106782816803
780,"[820, 368, 923, 729]",13.911218576178236,74.84246700611567,3,0,18.7685897533921
781,"[669, 241]",11.201014094389796,89.44155783541505,3,0,21.67902527177981
782,"[430, 871, 310, 965, 776]",3.9207558167162104,97.90226040048827,2,0,30.45639916842401
783,"[577, 998, 471, 506]",7.020904048841448,99.0955791427365,2,0,32.338088546510924
784,"[212, 138, 553]",12.002289362113087,97.94889977115844,3,1,23.156223739744146
785,"[504, 924, 861, 154]",7.847230699357934,98.15068238026251,2,0,32.39350302018245
786,"[373, 978, 323, 457]",9.742284666286192,96.89205043747498,2,0,32.84145687579443
788,"[622, 644, 861]",6.784177529417307,98.79532756269349,2,0,32.12052883054406
789,"[5, 597, 184]",9.904525146014118,91.92458696489224,1,0,49.73162943557875
790,"[505, 47, 606, 749]",7.428074454316874,95.39932773734716,1,0,49.8231943016138
791,"[217, 384, 841]",2.1762588635081834,99.66000766547809,1,0,48.37043002468088
792,[704],4.008614850549094,99.96181997301157,2,0,31.2253119033383
793,"[1, 443, 374, 860, 902, 55]",51.63831236437411,64.38743117388782,7,0,11.675891594134567
794,[902],5.381612680857249,99.08259538221522,2,0,31.561404171580723
795,"[876, 354]",22.677796082517386,97.96390029034009,4,0,21.19804333844338
796,"[871, 804, 137]",21.087382292845106,90.15094112546441,5,0,14.914905738567668
797,"[580, 909, 820, 629, 127, 782, 214, 862, 589, 977, 346, 841, 215, 259]",43.27020835587771,69.63776418943402,6,0,13.302995324225655
798,"[359, 220, 880]",16.450263117527395,97.63830310450587,4,0,19.36915191477165
799,"[78, 356]",24.599888065997437,94.48124511638781,4,0,21.003079870596217
800,"[959, 517, 851, 712, 794]",7.307808602450998,95.36504074021792,1,0,49.720059766475174
801,"[960, 352]",9.961242651526868,97.3978653447538,2,0,33.12326216492833
802,"[428, 384, 30]",26.42878162666382,67.58108562877989,6,0,9.592106603541408
803,"[528, 916, 585]",12.493424520983348,95.76949990933714,3,0,23.812055413742712
804,"[542, 581, 648]",41.64498692229026,75.41591968112458,5,0,17.153624332414324
806,[936],20.64574703018409,97.23014932423243,3,0,27.07880892829785
807,"[128, 372]",29.46195206745997,96.47315397014158,3,1,28.932806914665925
808,[797],0.0,100.0,0,0,99.99999999999999
809,[123],7.00939715062285,99.98506344974017,1,0,51.95724249174246
810,"[596, 903, 757, 861]",2.8445935264863027,99.9045765625137,2,0,30.65684275314402
811,"[795, 715, 260]",14.519947083894255,91.77142093540165,3,0,23.468687162504246
812,"[816, 616, 486]",0.0,100.0,0,0,99.99999999999999
813,"[168, 989]",10.486211334476545,99.60312762494632,3,1,23.05893721726033
814,"[867, 391, 515, 416, 72]",8.534581798235948,98.27653407872891,2,0,32.76169853102474
815,"[693, 699, 941, 50]",22.280936833247026,96.45532271091726,2,0,38.592825976253536
816,"[61, 757]",7.895257895411844,97.67124241171112,3,0,22.69160803610256
817,"[450, 811, 115, 593]",4.900686433854199,97.30338774449257,3,0,21.53632962551606
818,"[948, 405, 442, 553, 466]",13.895428531450142,91.15858032713727,3,0,23.08571565370171
819,"[993, 324, 783]",9.192507206344075,95.88361476981841,2,0,32.22628842418638
820,"[30, 802]",24.237502374008965,75.19794457855332,5,0,13.015706476286477
821,"[47, 430]",21.998316890810248,98.23576491698049,1,0,61.6199005629812
822,"[612, 72]",15.53793320008228,99.03711703104456,3,0,25.753221489704227
823,"[601, 366, 90]",13.621506951855771,98.72503645879029,3,0,24.993570260080787
824,"[601, 536]",19.18134328431078,96.61402911999207,4,0,19.92385431909721
825,"[883, 201]",3.583787031652905,97.60866866139287,2,0,30.1939784177657
826,"[878, 383]",48.3082413787817,68.02363281535885,7,0,11.569402040474088
827,"[222, 709, 86, 525, 401, 920]",39.89084096246583,68.59808369919361,6,0,12.463454727989408
828,"[748, 132, 703]",24.956073229807668,94.31708010137626,5,0,16.561808996935287
829,"[840, 64, 537]",42.34514498559325,92.74324534613216,4,0,25.64947033585988
830,"[600, 529, 720]",10.775612207299668,97.98623239301874,2,0,33.71466451007536
831,"[595, 708, 438, 447, 295]",14.486351529455897,97.24774026182787,4,0,18.731377580796803
832,[526],16.946356067980293,95.77220200848738,3,0,25.38575240538198
833,"[79, 449, 831, 361, 154]",4.09424623999825,81.33095547187283,1,0,40.01347166456905
834,"[736, 637, 355, 408]",29.462060576228573,83.3659286735423,2,0,37.35132019914632
835,"[511, 333]",12.172880209107115,98.95050063986851,1,0,55.05702088752323
836,"[618, 371, 904, 954]",15.997136548019238,95.1326099755113,4,0,18.710023793055598
837,[285],46.71247889074907,94.00465718810663,6,0,17.68676851225157
838,"[689, 440, 626, 188, 839, 692]",18.26139157710121,92.59888249912514,3,0,25.00956141687246
839,"[292, 887]",38.61485179689399,94.3256379232375,6,0,16.100815930591125
841,"[505, 66, 892]",40.239054422327875,97.03573045023073,5,0,20.64108871028569
842,"[291, 986, 674]",5.539433192351488,97.27241413503643,1,0,49.481374589887615
843,"[218, 591, 669]",5.3510866945854865,98.13760824432761,2,0,31.213213479144976
844,"[934, 174]",12.278971414539207,94.99703973420397,2,0,33.36681813980406
845,"[146, 249]",8.628769779261745,94.5202662003271,1,0,50.20568869340186
846,"[294, 392, 924, 635]",12.070570456412746,97.07831872368038,2,0,34.003866224068375
847,[397],18.300779304866325,99.89716715417534,3,1,25.89730485247209
848,"[203, 634, 929, 667, 506]",1.7915508901275556,99.29668810072937,1,0,47.90612489240741
849,[536],20.91807286210172,99.90509952572376,2,0,39.16954448854725
850,"[797, 282, 75, 46, 676]",5.765609026619217,94.70120080650628,3,0,21.15245076780933
851,"[962, 393, 712, 544, 164]",20.26008824784776,89.0236511376767,4,1,17.560202513024223
852,"[514, 186, 48, 933, 204, 90, 309]",15.709933950010912,95.65641022232643,1,0,55.81048507299988
853,"[335, 257, 793, 955]",10.35821880961252,86.16217024810993,2,0,29.341269413045893
854,"[866, 775, 369, 979, 117, 898]",38.92350377915163,91.3059772669765,6,0,15.70596874003595
855,"[398, 449]",20.30951101602475,95.75449956055436,3,0,26.56908409195521
856,"[32, 631, 601, 204, 576, 272]",0.0,100.0,0,0,99.99999999999999
857,"[496, 430, 797, 533, 3, 965, 346, 497]",16.51254294966132,93.29849334225054,4,0,18.466939242234353
858,"[214, 228]",14.570786065494728,73.96347683282997,3,0,18.76870450872119
859,"[212, 160, 19, 245, 123, 642]",21.433346849836088,96.60281370497731,3,0,27.1908226264361
860,"[396, 37]",38.9724515947817,98.77445930655749,6,0,16.846511745485724
861,"[647, 168, 732]",12.55885956407225,97.18208078860908,5,0,14.14832194285306
862,"[387, 763, 430, 710, 850, 589, 113, 802, 749]",10.120127482979973,94.65766191619997,2,0,32.23012968753168
863,"[447, 694]",14.07335304225248,78.18098463036817,5,0,11.148948881785621
864,"[474, 176, 230, 957]",27.713874513531092,72.86997643955048,3,0,23.121744316008943
865,[438],8.794105371569978,99.01319069714562,3,0,23.364651075405092
867,"[254, 961, 612, 878, 166, 687, 432]",38.221466112966944,89.1018052162411,6,1,14.170828067253662
870,"[65, 759, 696, 905]",40.5766409298364,90.31021890827721,4,0,24.634022082910846
872,"[545, 750]",7.5821035782989945,95.9290429462616,2,0,31.483843822389417
873,"[368, 864, 22, 176, 537, 104, 9]",34.64782773319972,62.466389091188745,6,0,10.47684170777286
874,"[474, 320, 463, 420]",1.4889607182420834,99.52522662639876,1,0,47.81344278638885
875,"[918, 244]",8.686529823834986,95.20303085140603,2,0,31.747561968601023
877,"[148, 836, 587, 895]",34.54052367802258,80.35262134455215,5,0,16.352476806203764
878,"[591, 419, 237]",43.993023271131115,94.32941119234076,3,0,34.55763932848402
879,[502],8.306396298699898,98.99500533909118,2,0,32.90802155607822
880,"[913, 82, 114]",30.449664053816274,76.22659199827137,6,0,11.712595493530888
881,[975],3.4531364807618403,99.73931541954525,1,0,49.3145570796008
882,"[510, 209]",24.716596436992724,93.3557552750499,6,0,13.148552333662174
883,"[670, 616, 337]",27.449432689229596,85.70180542466935,5,1,14.56759375784767
884,"[188, 191, 839, 107, 99]",25.275112669507465,96.60867518674704,3,0,28.54946468216047
885,"[549, 120, 708, 861]",0.0,100.0,0,0,99.99999999999999
886,"[34, 798, 894]",17.058380332849826,94.5344356538922,4,0,18.88314637288963
887,"[998, 980, 106, 510, 445, 379]",46.245254050244576,63.917809701022044,9,0,7.334143234639215
888,"[360, 793, 23, 523, 764]",39.46921406063391,94.05886001510048,6,0,16.232885362647405
889,"[909, 850, 109, 871, 259, 858, 255]",22.914181096980755,85.10166489455085,3,1,23.607130344112228
890,"[316, 147, 972, 287]",30.714699613642598,92.06047160453231,5,0,17.519381711770656
891,"[740, 947, 725, 691, 305, 526]",61.76256760467644,91.91554712594507,8,0,14.545700000434673
892,[821],21.649867050629663,98.23021962380271,2,0,38.922570888409254
893,[533],5.464011198501791,99.58504055329102,1,0,50.65347923911068
894,"[76, 82, 761]",11.514696824648112,95.99144048727568,3,0,23.52512333005833
895,"[605, 330, 920, 724]",10.534988617719662,83.27868708442682,3,0,19.810996340237374
896,"[521, 924, 919, 757, 711, 506]",25.065101511308647,72.39833038466243,5,0,12.716127445639344
897,"[658, 709, 827]",12.502261298417233,94.06158692227513,2,0,33.14154139781975
898,"[951, 434, 183, 767, 117]",30.228036752614493,85.6948583500767,6,0,13.101271364749811
899,"[978, 518, 608, 509, 364]",10.336041167038218,97.03202673433671,2,0,33.17055926673324
900,[702],0.0,100.0,0,0,99.99999999999999
901,"[866, 227, 74]",2.565720914273896,99.21468180407261,1,0,48.40961750028672
902,"[27, 860]",23.49941725007811,98.11086622215403,4,0,21.461380070827598
903,"[757, 97]",8.005386747060149,99.01196848355713,3,0,23.085715418059966
904,"[693, 323, 920, 50]",11.241055005986675,98.87675585901484,3,0,24.192880400377376
905,"[38, 450, 811, 696]",27.036534129845954,93.95915972396166,3,1,27.40999309380797
906,"[772, 458, 180]",27.79966354880228,90.68498954184079,3,0,27.871863119388337
907,"[489, 602, 149, 116]",21.818022224950646,79.41284022416632,5,0,13.190372961654132
908,"[247, 70, 439]",0.0,100.0,0,0,99.99999999999999
909,"[889, 327]",38.745164054908734,93.79564118612717,6,1,14.987144675938199
911,"[94, 649, 22]",20.24134355754416,97.91998478644544,3,1,26.058977678318534
912,[759],0.0,100.0,0,0,99.99999999999999
913,"[369, 306, 56]",9.983920234139884,91.37277737687371,1,0,49.49533450718928
914,[78],11.69149561814984,99.75764972481134,2,0,34.77178737307068
915,"[133, 81, 670, 361, 141]",0.0,100.0,0,0,99.99999999999999
916,"[613, 397, 408, 674]",17.27906167171282,96.18788668993652,6,0,12.076008844953735
917,[432],34.245808964870726,99.01707821417902,4,0,24.69034719230282
918,"[541, 620, 979]",19.715947922860334,98.80382241350686,4,0,20.53905364655456
919,"[521, 992, 201, 501]",30.192507933083448,54.43966584197109,6,0,8.362337810937287
920,"[608, 145, 953]",25.713117022801672,96.89286462054659,5,0,17.195033924607472
922,[249],25.46355813975418,88.98872294286325,5,0,15.740209467093116
923,"[719, 534, 700, 957, 638]",10.20993302870166,94.83546570636541,2,0,32.33523615537627
924,"[429, 855, 311]",19.22304786912549,90.67289015178945,5,0,14.568047967744278
925,"[645, 211, 16, 729]",28.203747043328978,96.3562653839406,3,0,29.517121521070564
926,"[780, 964]",3.64244339043238,97.96459639742793,2,0,30.347335382290105
927,"[5, 94, 840, 554, 77, 178]",6.561596233569625,97.5476890126914,1,0,50.34938469700365
928,"[96, 56]",3.9307536107564314,95.72311951255908,2,0,29.69133485828412
929,"[993, 475, 502]",5.860370625015699,97.88473825141264,2,0,31.363758262481092
930,"[770, 840, 556]",4.332888239273069,92.60661055513827,1,0,46.15669374928481
931,"[79, 534]",54.27166233703041,95.23514886588262,4,0,29.548021063322942
932,"[368, 64]",19.932102190599537,99.36747972387052,2,0,38.51524516072718
933,[733],19.100839306345513,98.08419688367246,6,0,12.730828432389943
934,"[748, 819, 998, 153, 506]",20.810049527078785,98.77728414765646,4,0,20.842618701974878
935,"[625, 303]",58.46667067107697,78.62879447317846,7,1,13.708714060424274
936,"[397, 837]",33.419439447485715,96.54228628853599,5,0,18.947933061167443
937,[920],9.612377364672437,99.75686732018353,2,0,33.792256850759784
938,"[971, 230]",29.492898752359615,97.18011501085684,4,0,22.95784909193803
939,"[554, 62, 323, 555]",0.0,100.0,0,0,99.99999999999999
940,"[785, 38]",0.0,100.0,0,0,99.99999999999999
941,"[508, 994, 31]",19.497133010786314,98.00462423425726,3,0,26.878250634474053
942,"[570, 747, 720]",0.0,100.0,0,0,99.99999999999999
943,"[59, 71, 90, 526, 136]",14.721669714620521,95.17518066132817,1,0,54.85729515261803
945,"[655, 933, 824]",10.127776675871942,92.19573715858778,3,0,22.029585759017596
946,"[693, 62, 330]",8.628769779261745,99.29810847835708,1,0,52.73732057903492
947,"[666, 935]",30.756240569721957,97.83571528500444,3,0,30.810737672021794
948,"[701, 860, 642]",22.060225273115716,96.32115830803899,3,1,26.277906194133376
949,"[195, 67]",13.948292783225385,97.13893035800884,2,0,34.909674735048206
950,"[127, 581]",36.679286502058105,93.6544913472234,3,0,31.79528001706361
951,"[590, 425]",9.817975784372594,98.14521172016337,2,0,33.31978145909946
952,"[480, 99]",21.56426572285639,76.18395802346906,4,0,16.267154051195746
953,[145],11.785702500206913,99.64763167929303,2,0,34.77729488056831
954,[439],13.580217071233106,99.29345684902883,3,0,25.129579020691228
955,"[448, 409]",23.00959491259721,96.86044899736505,5,0,16.552635983372944
956,"[275, 679, 73, 476, 14]",26.54635110485305,85.7935243167512,3,0,26.133216673406324
957,"[336, 80, 724]",35.64560808655741,37.85706953159874,4,0,12.123202059858832
958,"[870, 179, 863, 847, 115, 356, 876]",6.755508952629606,75.18893359368666,2,0,23.768157301363082
959,"[793, 701, 278, 527]",41.18957805862958,92.87097962011673,3,0,33.18094393352084
960,"[61, 402, 708, 196]",15.656520482875495,98.67996773922894,2,0,36.258606894772896
961,"[561, 41, 288, 329, 843]",22.847909324190187,80.82338860816492,4,1,16.553485958650526
962,"[553, 37]",10.026812519167363,98.93783967734096,2,0,33.69813530833958
963,"[577, 623, 215]",19.356609049425224,70.33865158101136,4,0,14.404377655863161
964,"[463, 646]",16.984756666544747,86.31148058308884,3,0,22.89284440817108
965,"[47, 487, 796, 122]",8.214209334971653,86.00581306829922,3,0,19.713700047830024
966,[371],5.346759120975488,97.60687248382447,1,0,49.52247103299763
967,"[966, 62, 639]",15.044360960976626,95.5785138190792,5,0,14.450424249114699
968,"[995, 961, 231, 155]",0.0,100.0,0,0,99.99999999999999
969,"[686, 787, 294, 521, 813]",15.25601425899504,98.75690272720782,2,0,36.09714748838961
970,"[793, 539, 160, 11, 128, 712, 466]",17.652958900375335,98.94140805332543,2,1,36.231533472226175
971,"[232, 77, 113, 184]",65.87107199208357,70.48367483710508,7,0,14.997278736001581
972,"[451, 288, 144, 84, 781, 484, 432]",25.47090891097416,85.85299739081118,3,0,25.76907729146411
973,"[199, 704, 886, 236, 741, 760]",17.431691624258185,65.09485154820773,3,1,16.369963844857054
975,"[38, 582, 936]",8.244938152576612,98.52243476468018,2,0,32.71214132546689
976,"[884, 578, 258, 667]",22.287149708344003,88.98160194434473,3,0,25.473302210544325
977,"[533, 497, 255]",7.216327737328503,98.57935458386655,3,0,22.692368918167602
978,"[508, 252]",11.786486446716772,98.68877648157512,4,0,18.27382826765242
979,[359],46.1615858062087,97.16747267699289,6,0,18.054390518634627
980,"[258, 276, 189]",7.353231799212678,98.73094938200015,1,0,51.535642524249425
981,"[139, 229, 91, 93]",20.018527299569563,92.55252905157938,2,0,36.14859557496502
982,"[274, 803, 563]",15.91060524899687,86.35292669150078,3,0,22.524385020326836
983,"[185, 804, 159]",8.511807661028646,79.2616142578912,2,0,26.034024011206657
984,"[208, 358, 974, 415, 679]",24.264817642237475,89.86815924284966,2,0,37.20033335350914
985,"[935, 823, 891]",25.43849984042017,92.74158426506112,5,0,16.397150286695297
986,"[613, 715, 115, 916]",10.837116003341611,90.35372205461248,3,0,21.79214355950557
987,"[693, 709, 937, 621, 953]",15.19934167119029,94.17021842638847,3,0,24.344205272495298
988,"[705, 182, 388, 265, 353]",15.99792337984045,87.95859151904365,3,0,22.980626056935662
989,"[449, 919]",8.383915510534544,96.25767392409662,2,0,31.97758081282077
990,"[596, 392]",2.4046406690690256,99.40845174743423,1,1,47.33874969993191
991,"[440, 929, 189]",14.02243836921963,98.3375174316909,2,0,35.3679932490753
992,"[708, 831, 924, 635, 375]",26.630493373664585,82.72385351057007,5,0,14.908499117184448
993,"[697, 567, 189]",14.788333449931677,95.82995105739508,5,0,14.434540043715687
994,"[439, 25]",19.79865535901919,97.62605376135312,3,0,26.884465822321456
995,"[51, 290, 370]",60.3664292733559,83.53543210306684,4,1,27.730916820353833
996,"[254, 890, 296]",23.947659776601785,96.76275703395564,1,0,62.21659482730575
997,"[850, 228, 194]",1.1252896169506112,99.85632209390211,1,0,47.731949242684536
998,"[258, 471]",48.13420394714369,98.14582030062776,6,0,18.600686533365586
999,"[705, 483, 767]",1.8818213117358726,99.85078705450864,1,0,48.26350027583784
